feature_set,train_size,observed_hgb,fit_hgb
all,50.0,0.6333266225609494,0.6687920459654435
all,51.35277963979166,0.6425746131787728,0.6829531802055501
all,52.742159534660004,0.6520728136649317,0.6965088406926156
all,54.16912992620265,0.6618279935957375,0.7094849150751442
all,55.63470784759058,0.6718471057024012,0.7219061841487959
all,57.13993784843012,0.6821372908263985,0.7337963691810112
all,58.68589273923647,0.6927058830089046,0.7451781772122223
all,60.27367435604921,0.7035604147179256,0.756073344420163
all,61.90441434573511,0.7147086222168554,0.7665026776300952
all,63.579274972537874,0.7261584510782797,0.7764860940502236
all,65.29944994644914,0.7379180618469605,0.7860426593081795
all,67.06616527399218,0.7499958358560366,0.7951906238612199
all,68.88068013202337,0.7624003812005822,0.8039474578496668
all,70.74428776517541,0.7751405388727871,0.8123298844601561
all,72.65831640758127,0.7882253890631261,0.820353911862405
all,74.62413022953561,0.8016642576320094,0.8280348637804895
all,76.64313030976912,0.8154667227565289,0.8353874087570168
all,78.71675563402823,0.8296426217570363,0.8424255881660792
all,80.84648412067163,0.8442020581084164,0.8491628430284828
all,83.03383367401528,0.8591554086410559,0.8556120396804653
all,85.28036326617641,0.8745133309366402,0.861785494344923
all,87.58767404818678,0.8902867709240436,0.8676949966520666
all,89.9574104911687,0.9064869706807358,0.87335183215443
all,92.3912615583854,0.9231254764452564,0.8787668038792261
all,94.89096190900241,0.9402141468464731,0.8839502529592091
all,97.45829313441727,0.9577651613554868,0.8889120783814439
all,100.09508502803898,0.9751611353749113,0.8936617558916968
all,102.80321688942192,0.9757346035999,0.8982083560905489
all,105.58461886368387,0.9763235873476654,0.9025605617557924
all,108.44127331716297,0.9769285063998737,0.9067266844241896
all,111.3752162502938,0.977549791895633,0.9107146802642625
all,114.38853874870952,0.9781878866387754,0.9145321652704247
all,117.48338847360502,0.9788432454134535,0.9181864298074729
all,120.66197119242159,0.9795163353082745,0.9216844525332131
all,123.92655235094632,0.9802076360492047,0.9250329137258114
all,127.27945868794507,0.980917640341481,0.9282382080413208
all,130.72307989348022,0.9816468542207725,0.9313064567257454
all,134.25987031209527,0.9823957974138431,0.9342435193049664
all,137.89235069208073,0.9831650037089725,0.937055004774854
all,141.62310998206593,0.9839550213363991,0.9397462823129326
all,145.4548071762202,0.9847664133590549,0.9423224915320597
all,149.3901732093765,0.9855997580738733,0.9447885522956976
all,153.43201290342827,0.9864556494239545,0.9471491741135228
all,157.58320696638847,0.987334697421881,0.9494088651353176
all,161.84671404553262,0.9882375285844873,0.9515719407603171
all,166.22557283609225,0.9891647863793925,0.9536425318784563
all,170.7229042469997,0.9901171316836135,0.9556245927592532
all,175.34191362522859,0.9910952432545864,0.9575219086033951
all,180.08589304031497,0.9920998182139326,0.9593381027714497
all,184.95822363068754,0.9931315725443116,0.9610766437035035
all,189.9623780134801,0.9941912415997187,0.9627408515429465
all,195.10192275954103,0.9952795806295872,0.9643339044770478
all,200.3805209354073,0.9963203079122246,0.9658588448064346
all,205.80193471405244,0.996370471347116,0.9673185847550649
all,211.37002805627054,0.9964219919834749,0.9687159120317883
all,217.08876946460487,0.9964749065411919,0.9700534951541154
all,222.96223481178777,0.9965292527336354,0.971333888544367
all,228.9946102457045,0.9965850692945316,0.9725595374079288
all,235.19019517295285,0.9966423960055707,0.9737327824029339
all,241.55340532312485,0.99670127372476,0.9748558641102874
all,248.08877589599396,0.9967617444155444,0.9759309273125695
all,254.80096479385276,0.9968238511767148,0.9769600250899919
all,261.69475594130074,0.9968876382731253,0.9779451227412255
all,268.77506269485355,0.9969531511672419,0.9788881015365898
all,276.0469313447998,0.9970204365515446,0.979790762310771
all,283.5155447118041,0.997089542381806,0.9806548289019301
all,291.1862258408156,0.9971605179112709,0.9814819514437668
all,299.0644417949203,0.9972334137257595,0.98227370951683
all,307.15580755183686,0.9973082817797213,0.9830316151650896
all,315.46609000583476,0.9973851754332645,0.9837571157835316
all,324.0012120779263,0.9974641494901867,0.9844515968822914
all,332.76725693726286,0.9975452602370343,0.9851163847326043
all,341.77047233674386,0.99762856548322,0.9857527488996246
all,351.01727506592647,0.9977141246022243,0.9863619046669522
all,360.5142555244132,0.9978019985739123,0.9869450153574959
all,370.2681824189744,0.9978922500279956,0.9875031945551058
all,380.28600758775553,0.9979849432886699,0.9880375082312175
all,390.57487095500306,0.9980801444204599,0.9885489767805695
all,401.1421056198468,0.9981779212753052,0.9890385769698814
all,411.9952430827606,0.9982783435409203,0.9895072438032145
all,423.14201861342815,0.9983814827904612,0.9899558723075768
all,434.59037676384,0.9984874125335392,0.9903853192421824
all,446.3484770305499,0.9985962082686108,0.9907964047346312
all,458.42469967012886,0.9987079475367884,0.9911899138471294
all,470.82765167195606,0.9988227099771052,0.9915665980757475
all,483.566172892611,0.9989405773832754,0.9919271767855742
all,496.6493423562326,0.9990616337619909,0.9922723385845091
all,510.0864847253412,0.9991061161184388,0.9926027426383184
all,523.8871769467281,0.9991245589578751,0.9929190199294623
all,538.0612550771576,0.9991435007792653,0.9932217744621024
all,552.6188212937402,0.9991629550828618,0.9935115844155852
all,567.570251093977,0.9991829357341745,0.9937890032486091
all,582.9262006906047,0.9992034569738528,0.9940545607561807
all,598.6976146065119,0.9992245334278357,0.9943087640813802
all,614.8957334751419,0.9992461801177751,0.9945520986838677
all,631.5321020519406,0.9992684124717428,0.9947850292669796
all,648.6185774425546,0.9992912463352264,0.9950080006651872
all,666.1673375536525,0.9993146979824223,0.9952214386936091
all,684.1908897723886,0.9993387841278353,0.9954257509612043
all,702.7020798806892,0.9993635219381904,0.9956213276491945
all,721.7141012107264,0.9993889290446692,0.9958085422562046
all,741.2405040480947,0.9994150235554751,0.9959877523115447
all,761.2952052893983,0.9994418240687395,0.9961593000579942
all,781.8924983611287,0.9994693496857775,0.9963235131053929
all,803.0470634069042,0.9994976200247015,0.9964807050562876
all,824.7739777503303,0.9995266552344038,0.9966311761048278
all,847.088726640943,0.9995564760089163,0.9967752136100558
all,870.0072142908814,0.999587103602161,0.9969130926446846
all,893.545775210172,0.9996185598430968,0.9970450765204125
all,917.7211858486957,0.9996508671512783,0.9971714172907773
all,942.5506765531273,0.9996840485528342,0.9972923562325106
all,968.051943847386,0.9997181276968791,0.9974081243063104
all,994.2431630453359,0.9997531288723681,0.9975189425979152
all,1021.143001204732,0.9997640619980447,0.9976250227403162
all,1048.7706304316423,0.9997682955311289,0.9977265673179204
all,1077.1457415448303,0.9997726436049604,0.9978237702534314
all,1106.2885581098321,0.9997771093185069,0.9979168171781899
all,1136.2198508527415,0.9997816958545808,0.9980058857866789
all,1166.960952463956,0.9997864064821069,0.9980911461758724
all,1198.5337728024574,0.9997912445584533,0.9981727611700744
all,1230.9608145114546,0.9997962135318231,0.9982508866318699
all,1264.265189056504,0.9998013169437131,0.9983256717597798
all,1298.470633197564,0.999806558431437,0.9983972593731899
all,1333.6015259067053,0.9998119417307184,0.9984657861850972
all,1369.682905743539,0.9998174706783531,0.9985313830631951
all,1406.7404887007503,0.9998231492149435,0.9985941752797951
all,1444.8006865324494,0.9998289813877077,0.9986542827510632
all,1483.8906255784104,0.9998349713533633,0.998711820266027
all,1524.0381660976145,0.9998411233810904,0.9987668977057925
all,1565.27192212486,0.9998474418555747,0.9988196202533863
all,1607.6212818646202,0.9998539312801318,0.9988700885946278
all,1651.1164286366652,0.999860596279917,0.998918399110411
all,1695.7883623883695,0.9998674416052225,0.9989646440607666
all,1741.6689217890623,0.999874472134862,0.9990089117610532
all,1788.7908069221455,0.9998816928796486,0.9990512867506166
all,1837.1876025911613,0.9998891089859657,0.999091849954236
all,1886.8938022564212,0.9998967257394356,0.9991306788366695
all,1937.9448326192528,0.9999045485686857,0.99916784755059
all,1990.3770788713869,0.9999125830492185,0.9992034270781972
all,2044.2279106274914,0.9999151366092728,0.9992374853667747
all,2099.535708559306,0.9999164859020477,0.9992700874584504
all,2156.339891750396,0.9999178717007386,0.9993012956144095
all,2214.6809457910063,0.9999192949930347,0.999331169433797
all,2274.600451633019,0.9999207567933475,0.9993597659675351
all,2336.1411152256205,0.9999222581435342,0.999387139827276
all,2399.346797952769,0.9999238001136402,0.9994133432896948
all,2464.2625478941663,0.9999253838026616,0.999438426396324
all,2530.934631932014,0.9999270103393283,0.9994624370491193
all,2599.4105687264387,0.9999286808829086,0.9994854211019393
all,2669.739162583084,0.9999303966240359,0.9995074224481141
all,2741.9705382370216,0.9999321587855564,0.9995284831042697
all,2816.1561765777346,0.9999339686234014,0.9995486432905683
all,2892.34895134069,0.9999358274274822,0.9995679415075179
all,2970.6031667916195,0.9999377365226093,0.9995864146094984
all,3050.9745964303465,0.9999396972694369,0.9996040978751426
all,3133.5205227417982,0.9999417110654321,0.9996210250747093
all,3218.2997780224873,0.9999437793458716,0.9996372285345758
all,3305.372786311585,0.9999459035848647,0.9996527391989719
all,3394.8016064564604,0.9999480852964029,0.9996675866890753
all,3486.6499763433876,0.99995032603544,0.9996817993595799
all,3580.983358324933,0.9999526273990001,0.9996954043528459
all,3677.8689858764283,0.9999549910273157,0.999708427650734
all,3777.3759115147254,0.9999574186049963,0.999720894124224
all,3879.575056013454,0.9999599118622302,0.9997328275809116
all,3984.5392589498265,0.9999624725760166,0.9997442508104745
all,4092.343330618985,0.9999651025714325,0.9997551856281941
all,4203.064105352957,0.9999678037229333,0.9997656529166177
all,4316.78049628217,0.9999705779556892,0.9997756726654374
all,4433.573551578576,0.9999734272469569,0.9997852640096663
all,4553.526512220464,0.9999763536274889,0.9997944452661798
all,4676.724871320132,0.999979359182981,0.9998032339686969
all,4803.256435056715,0.9999824460555585,0.9998116469012646
all,4933.211385257571,0.9999856164453036,0.9998197001303106
all,5066.68234367287,0.9999873294693851,0.9998274090353265
all,5203.764437989122,0.9999875014214472,0.9998347883382376
all,5344.555369628794,0.9999876780257745,0.9998418521315183
all,5489.15548338425,0.9999878594082364,0.9998486139051052
all,5637.66783893571,0.9999880456981084,0.9998550865721586
all,5790.198284304121,0.9999882370281633,0.9998612824937234
all,5946.855531291387,0.9999884335347662,0.9998672135023356
all,6107.751232961657,0.9999886353579718,0.9998728909246192
all,6273.00006321891,0.9999888426416239,0.9998783256029162
all,6442.719798537598,0.999989055533458,0.9998835279159939
all,6617.031401904485,0.9999892741852069,0.9998885077988642
all,6796.059109031656,0.9999894987527085,0.999893274761758
all,6979.930516902031,0.9999897293960169,0.9998978379082861
all,7168.7766747105425,0.9999899662795169,0.9999022059528255
all,7362.732177265772,0.9999902095720403,0.9999063872371607
all,7561.935260918655,0.9999904594469872,0.9999103897464152
all,7766.527902086525,0.9999907160824488,0.9999142211242998
all,7976.655918442856,0.9999909796613351,0.9999178886877111
all,8192.46907284472,0.9999912503715043,0.9999213994407041
all,8414.121180072067,0.9999915284058977,0.9999247600878686
all,8641.770216454885,0.9999918139626763,0.9999279770471321
all,8875.57843246645,0.9999921072453629,0.9999310564620179
all,9115.712468362743,0.9999924084629864,0.9999340042133761
all,9362.343472950666,0.9999927178302314,0.9999368259306153
all,9615.647225569548,0.9999930355675904,0.9999395270024529
all,9875.804261372934,0.9999933619015221,0.9999421125872063
all,10143.0,0.9999936970646118,0.9999445876226437
no_egfr_acr,50.0,0.6262374145210733,0.6434252061528456
no_egfr_acr,51.35277963979166,0.634051434324946,0.6576117621240654
no_egfr_acr,52.742159534660004,0.6420768670667308,0.6711919536033806
no_egfr_acr,54.16912992620265,0.6503194326487879,0.6841916979380174
no_egfr_acr,55.63470784759058,0.6587850057288259,0.6966358047109833
no_egfr_acr,57.13993784843012,0.6674796199069009,0.7085480230893378
no_egfr_acr,58.68589273923647,0.6764094720256947,0.7199510871486954
no_egfr_acr,60.27367435604921,0.6855809265871416,0.730866759260456
no_egfr_acr,61.90441434573511,0.6950005202885484,0.7413158716245744
no_egfr_acr,63.579274972537874,0.7046749666814428,0.7513183660271262
no_egfr_acr,65.29944994644914,0.7146111609564683,0.7608933318985471
no_egfr_acr,67.06616527399218,0.7248161848577394,0.7700590427451826
no_egfr_acr,68.88068013202337,0.735297311730155,0.7788329910236699
no_egfr_acr,70.74428776517541,0.7460620117032719,0.7872319215247153
no_egfr_acr,72.65831640758127,0.757117957015431,0.7952718633299748
no_egfr_acr,74.62413022953561,0.768473027481929,0.8029681604030261
no_egfr_acr,76.64313030976912,0.7801353161111362,0.8103355008728175
no_egfr_acr,78.71675563402823,0.792113134872563,0.817387945065478
no_egfr_acr,80.84648412067163,0.8044150206209812,0.8241389523379836
no_egfr_acr,83.03383367401528,0.8170497411808292,0.830601406764898
no_egfr_acr,85.28036326617641,0.8300263015952339,0.8367876417272024
no_egfr_acr,87.58767404818678,0.843353950544101,0.8427094634501464
no_egfr_acr,89.9574104911687,0.8570421869358548,0.8483781735350391
no_egfr_acr,92.3912615583854,0.8711007666775169,0.8538045905279826
no_egfr_acr,94.89096190900241,0.8855397096279571,0.8589990705667097
no_egfr_acr,97.45829313441727,0.9003693067392665,0.8639715271449306
no_egfr_acr,100.09508502803898,0.9150767378900282,0.8687314500319101
no_egfr_acr,102.80321688942192,0.9158128974913272,0.8732879233833771
no_egfr_acr,105.58461886368387,0.9165689743270318,0.877649643078337
no_egfr_acr,108.44127331716297,0.9173455072697254,0.8818249333148697
no_egfr_acr,111.3752162502938,0.9181430497715092,0.8858217624965864
no_egfr_acr,114.38853874870952,0.9189621702584586,0.8896477584400656
no_egfr_acr,117.48338847360502,0.9198034525357537,0.8933102229322891
no_egfr_acr,120.66197119242159,0.9206674962037695,0.896816145665861
no_egfr_acr,123.92655235094632,0.921554917085425,0.9001722175786057
no_egfr_acr,127.27945868794507,0.9224663476650932,0.9033848436230019
no_egfr_acr,130.72307989348022,0.9234024375393866,0.906460154989823
no_egfr_acr,134.25987031209527,0.924363853880139,0.9094040208093123
no_egfr_acr,137.89235069208073,0.9253512819099141,0.9122220593522243
no_egfr_acr,141.62310998206593,0.926365425390378,0.9149196487521094
no_egfr_acr,145.4548071762202,0.9274070071238859,0.9175019372693033
no_egfr_acr,149.3901732093765,0.9284767694686392,0.9199738531162132
no_egfr_acr,153.43201290342827,0.9295754748677805,0.9223401138626474
no_egfr_acr,157.58320696638847,0.9307039063928034,0.9246052354391424
no_egfr_acr,161.84671404553262,0.9318628683016654,0.926773540755467
no_egfr_acr,166.22557283609225,0.9330531866119994,0.9288491679507527
no_egfr_acr,170.7229042469997,0.9342757096898353,0.9308360782909958
no_egfr_acr,175.34191362522859,0.9355313088542486,0.9327380637290029
no_egfr_acr,180.08589304031497,0.9368208789983691,0.9345587541412077
no_egfr_acr,184.95822363068754,0.9381453392271905,0.93630162425517
no_egfr_acr,189.9623780134801,0.9395056335126373,0.9379700002809795
no_egfr_acr,195.10192275954103,0.9409027313663535,0.9395670662592166
no_egfr_acr,200.3805209354073,0.9422517926567934,0.9410958701375899
no_egfr_acr,205.80193471405244,0.9425025783404938,0.9425593295878432
no_egfr_acr,211.37002805627054,0.9427601491795313,0.943960237574036
no_egfr_acr,217.08876946460487,0.943024688750306,0.9453012676828232
no_egfr_acr,222.96223481178777,0.9432963855959858,0.946584979225907
no_egfr_acr,228.9946102457045,0.9435754333608863,0.9478138221243984
no_egfr_acr,235.19019517295285,0.9438620309284846,0.9489901415844114
no_egfr_acr,241.55340532312485,0.9441563825631681,0.9501161825728114
no_egfr_acr,248.08877589599396,0.9444586980558184,0.9511940941016594
no_egfr_acr,254.80096479385276,0.9447691928733337,0.9522259333295324
no_egfr_acr,261.69475594130074,0.9450880883121969,0.9532136694875409
no_egfr_acr,268.77506269485355,0.9454156116561984,0.9541591876375423
no_egfr_acr,276.0469313447998,0.9457519963384263,0.955064292269719
no_egfr_acr,283.5155447118041,0.9460974821076394,0.9559307107463888
no_egfr_acr,291.1862258408156,0.9464523151991411,0.9567600965986185
no_egfr_acr,299.0644417949203,0.9468167485102769,0.9575540326819331
no_egfr_acr,307.15580755183686,0.94719104178068,0.9583140341971439
no_egfr_acr,315.46609000583476,0.9475754617773935,0.959041551582059
no_egfr_acr,324.0012120779263,0.9479702824850005,0.9597379732795958
no_egfr_acr,332.76725693726286,0.9483757853008999,0.9604046283875787
no_egfr_acr,341.77047233674386,0.9487922592358639,0.9610427891952784
no_egfr_acr,351.01727506592647,0.9492200011200222,0.9616536736115341
no_egfr_acr,360.5142555244132,0.9496593158144202,0.962238447489092
no_egfr_acr,370.2681824189744,0.950110516428299,0.962798226849597
no_egfr_acr,380.28600758775553,0.9505739245422562,0.9633340800134833
no_egfr_acr,390.57487095500306,0.9510498704374428,0.9638470296388282
no_egfr_acr,401.1421056198468,0.9515386933309624,0.964338054673062
no_egfr_acr,411.9952430827606,0.9520407416176384,0.9648080922212562
no_egfr_acr,423.14201861342815,0.9525563731183226,0.965258039334558
no_egfr_acr,434.59037676384,0.953085955334922,0.9656887547221827
no_egfr_acr,446.3484770305499,0.9536298657123256,0.9661010603902319
no_egfr_acr,458.42469967012886,0.9541884919074176,0.966495743210465
no_egfr_acr,470.82765167195606,0.9547622320653691,0.9668735564220179
no_egfr_acr,483.566172892611,0.9553514951034049,0.9672352210689352
no_egfr_acr,496.6493423562326,0.9559567010022473,0.9675814273762589
no_egfr_acr,510.0864847253412,0.956248676691933,0.9679128360672998
no_egfr_acr,523.8871769467281,0.9564360973658721,0.9682300796246069
no_egfr_acr,538.0612550771576,0.9566285888172467,0.9685337634970386
no_egfr_acr,552.6188212937402,0.9568262882389464,0.9688244672552424
no_egfr_acr,567.570251093977,0.9570293365356957,0.9691027456977463
no_egfr_acr,582.9262006906047,0.9572378784244796,0.9693691299097732
no_egfr_acr,598.6976146065119,0.9574520625376873,0.9696241282767997
no_egfr_acr,614.8957334751419,0.9576720415290454,0.9698682274547931
no_egfr_acr,631.5321020519406,0.9578979721824172,0.9701018932989782
no_egfr_acr,648.6185774425546,0.9581300155235468,0.9703255717529065
no_egfr_acr,666.1673375536525,0.958368336934825,0.9705396896995249
no_egfr_acr,684.1908897723886,0.9586131062731613,0.9707446557758673
no_egfr_acr,702.7020798806892,0.9588644979910445,0.970940861152926
no_egfr_acr,721.7141012107264,0.9591226912608789,0.9711286802821869
no_egfr_acr,741.2405040480947,0.9593878701026847,0.9713084716102596
no_egfr_acr,761.2952052893983,0.9596602235152524,0.9714805782629595
no_egfr_acr,781.8924983611287,0.9599399456108471,0.9716453287001531
no_egfr_acr,803.0470634069042,0.9602272357535562,0.971803037342612
no_egfr_acr,824.7739777503303,0.9605222987013807,0.9719540051720754
no_egfr_acr,847.088726640943,0.9608253447521706,0.972098520305663
no_egfr_acr,870.0072142908814,0.9611365898935091,0.9722368585457376
no_egfr_acr,893.545775210172,0.9614562559566514,0.9723692839062646
no_egfr_acr,917.7211858486957,0.9617845707746288,0.9724960491166739
no_egfr_acr,942.5506765531273,0.96212176834463,0.9726173961041855
no_egfr_acr,968.051943847386,0.9624680889947771,0.9727335564555202
no_egfr_acr,994.2431630453359,0.9628237795554113,0.9728447518588746
no_egfr_acr,1021.143001204732,0.9630053019494912,0.9729511945270061
no_egfr_acr,1048.7706304316423,0.963140338645959,0.9730530876022335
no_egfr_acr,1077.1457415448303,0.963279028840299,0.9731506255441282
no_egfr_acr,1106.2885581098321,0.9634214713800617,0.9732439945006328
no_egfr_acr,1136.2198508527415,0.9635677677871772,0.9733333726633193
no_egfr_acr,1166.960952463956,0.963718022330311,0.9734189306074612
no_egfr_acr,1198.5337728024574,0.9638723420991796,0.9735008316175712
no_egfr_acr,1230.9608145114546,0.964030837080875,0.9735792319990237
no_egfr_acr,1264.265189056504,0.9641936202382554,0.9736542813763593
no_egfr_acr,1298.470633197564,0.9643608075904558,0.9737261229788378
no_egfr_acr,1333.6015259067053,0.9645325182955781,0.973794893913786
no_egfr_acr,1369.682905743539,0.9647088747356168,0.9738607254282639
no_egfr_acr,1406.7404887007503,0.9648900026036841,0.9739237431595438
no_egfr_acr,1444.8006865324494,0.9650760309935938,0.9739840673748861
no_egfr_acr,1483.8906255784104,0.9652670924918694,0.9740418132010648
no_egfr_acr,1524.0381660976145,0.9654633232722413,0.9740970908440831
no_egfr_acr,1565.27192212486,0.965664863192701,0.9741500057994985
no_egfr_acr,1607.6212818646202,0.9658718558951805,0.9742006590537569
no_egfr_acr,1651.1164286366652,0.9660844489079303,0.974249147276922
no_egfr_acr,1695.7883623883695,0.9663027937506642,0.9742955630071678
no_egfr_acr,1741.6689217890623,0.9665270460425521,0.9743399948273832
no_egfr_acr,1788.7908069221455,0.966757365613133,0.9743825275342307
no_egfr_acr,1837.1876025911613,0.9669939166162284,0.9744232422999776
no_egfr_acr,1886.8938022564212,0.9672368676469388,0.9744622168274104
no_egfr_acr,1937.9448326192528,0.9674863918618056,0.9744995254981285
no_egfr_acr,1990.3770788713869,0.9677426671022226,0.9745352395144984
no_egfr_acr,2044.2279106274914,0.9678541575357776,0.9745694270355418
no_egfr_acr,2099.535708559306,0.9679347610325438,0.9746021533070143
no_egfr_acr,2156.339891750396,0.9680175453046964,0.9746334807859247
no_egfr_acr,2214.6809457910063,0.9681025693544062,0.9746634692597327
no_egfr_acr,2274.600451633019,0.9681898937801829,0.9746921759604505
no_egfr_acr,2336.1411152256205,0.9682795808200645,0.9747196556738694
no_egfr_acr,2399.346797952769,0.9683716943959761,0.9747459608441151
no_egfr_acr,2464.2625478941663,0.9684663001592887,0.9747711416737371
no_egfr_acr,2530.934631932014,0.9685634655376095,0.9747952462195175
no_egfr_acr,2599.4105687264387,0.9686632597828401,0.9748183204841864
no_egfr_acr,2669.739162583084,0.968765754020533,0.9748404085042162
no_egfr_acr,2741.9705382370216,0.9688710213005848,0.9748615524338643
no_egfr_acr,2816.1561765777346,0.9689791366493005,0.9748817926256226
no_egfr_acr,2892.34895134069,0.9690901771228659,0.9749011677072289
no_egfr_acr,2970.6031667916195,0.969204221862268,0.9749197146553872
no_egfr_acr,3050.9745964303465,0.9693213521496998,0.9749374688663356
no_egfr_acr,3133.5205227417982,0.9694416514664925,0.9749544642233999
no_egfr_acr,3218.2997780224873,0.9695652055526139,0.9749707331616582
no_egfr_acr,3305.372786311585,0.9696921024677778,0.9749863067298421
no_egfr_acr,3394.8016064564604,0.9698224326542053,0.9750012146495926
no_egfr_acr,3486.6499763433876,0.9699562890010858,0.9750154853721822
no_egfr_acr,3580.983358324933,0.9700937669107806,0.9750291461328143
no_egfr_acr,3677.8689858764283,0.9702349643668187,0.9750422230025996
no_egfr_acr,3777.3759115147254,0.970379982003731,0.9750547409383123
no_egfr_acr,3879.575056013454,0.9705289231787758,0.9750667238300198
no_egfr_acr,3984.5392589498265,0.9706818940456032,0.9750781945466753
no_egfr_acr,4092.343330618985,0.9708390036299132,0.9750891749797631
no_egfr_acr,4203.064105352957,0.9710003639071605,0.9750996860850771
no_egfr_acr,4316.78049628217,0.9711660898823624,0.9751097479227151
no_egfr_acr,4433.573551578576,0.9713362996720651,0.975119379695362
no_egfr_acr,4553.526512220464,0.9715111145885279,0.9751285997849379
no_egfr_acr,4676.724871320132,0.9716906592261851,0.9751374257876798
no_egfr_acr,4803.256435056715,0.9718750615504476,0.9751458745477223
no_egfr_acr,4933.211385257571,0.9720644529889058,0.9751539621892452
no_egfr_acr,5066.68234367287,0.9722029321668116,0.9751617041472455
no_egfr_acr,5203.764437989122,0.9722875138050409,0.9751691151969943
no_egfr_acr,5344.555369628794,0.972374383849632,0.9751762094822358
no_egfr_acr,5489.15548338425,0.9724636042147757,0.9751830005421789
no_egfr_acr,5637.66783893571,0.972555238489788,0.9751895013373375
no_egfr_acr,5790.198284304121,0.972649351984431,0.9751957242742646
no_egfr_acr,5946.855531291387,0.9727460117754617,0.97520168122923
no_egfr_acr,6107.751232961657,0.9728452867544383,0.9752073835708854
no_egfr_acr,6273.00006321891,0.9729472476768208,0.975212842181962
no_egfr_acr,6442.719798537598,0.9730519672124005,0.9752180674800387
no_egfr_acr,6617.031401904485,0.9731595199970925,0.9752230694374243
no_egfr_acr,6796.059109031656,0.9732699826861313,0.9752278576001896
no_egfr_acr,6979.930516902031,0.9733834340087038,0.975232441106385
no_egfr_acr,7168.7766747105425,0.9734999548240619,0.9752368287034809
no_egfr_acr,7362.732177265772,0.9736196281791527,0.9752410287650616
no_egfr_acr,7561.935260918655,0.9737425393678073,0.975245049306806
no_egfr_acr,7766.527902086525,0.9738687759915321,0.9752488980017852
no_egfr_acr,7976.655918442856,0.9739984280219445,0.9752525821951066
no_egfr_acr,8192.46907284472,0.9741315878648967,0.9752561089179316
no_egfr_acr,8414.121180072067,0.9742683504263367,0.9752594849008943
no_egfr_acr,8641.770216454885,0.9744088131799487,0.9752627165869467
no_egfr_acr,8875.57843246645,0.9745530762366253,0.975265810143655
no_egfr_acr,9115.712468362743,0.974701242415819,0.9752687714749702
no_egfr_acr,9362.343472950666,0.974853417318823,0.9752716062324951
no_egfr_acr,9615.647225569548,0.9750097094040364,0.9752743198262711
no_egfr_acr,9875.804261372934,0.9751702300642646,0.9752769174351024
no_egfr_acr,10143.0,0.9753350937061113,0.9752794040164395
no_lab_surrogates,50.0,0.6262374145210733,0.630892227381819
no_lab_surrogates,51.35277963979166,0.6322762898492508,0.6434764074191388
no_lab_surrogates,52.742159534660004,0.6384785505292522,0.655511110751225
no_lab_surrogates,54.16912992620265,0.6448486170486254,0.6670203297755721
no_lab_surrogates,55.63470784759058,0.6513910294938292,0.6780270092835936
no_lab_surrogates,57.13993784843012,0.6581104507860527,0.6885530922033833
no_lab_surrogates,58.68589273923647,0.6650116700045823,0.6986195633451607
no_lab_surrogates,60.27367435604921,0.6720996058000832,0.7082464912366107
no_lab_surrogates,61.90441434573511,0.6793793099002301,0.7174530681315212
no_lab_surrogates,63.579274972537874,0.6868559707101849,0.7262576482714832
no_lab_surrogates,65.29944994644914,0.6945349170104862,0.7346777844769238
no_lab_surrogates,67.06616527399218,0.7024216217549898,0.74273026314043
no_lab_surrogates,68.88068013202337,0.7105217059715615,0.7504311376921176
no_lab_surrogates,70.74428776517541,0.7188409427683086,0.7577957606037675
no_lab_surrogates,72.65831640758127,0.7273852614482008,0.7648388139955299
no_lab_surrogates,74.62413022953561,0.736160751735014,0.7715743389062143
no_lab_surrogates,76.64313030976912,0.7451736681136107,0.7780157632855198
no_lab_surrogates,78.71675563402823,0.75443043428765,0.7841759287640108
no_lab_surrogates,80.84648412067163,0.7639376477579003,0.7900671162542041
no_lab_surrogates,83.03383367401528,0.7737020845244245,0.79570107043381
no_lab_surrogates,85.28036326617641,0.7837307039159847,0.8010890231599352
no_lab_surrogates,87.58767404818678,0.794030653550107,0.8062417158609236
no_lab_surrogates,89.9574104911687,0.804609274427348,0.8111694209504806
no_lab_surrogates,92.3912615583854,0.8154741061633851,0.8158819623067676
no_lab_surrogates,94.89096190900241,0.8266328923626678,0.820388734857296
no_lab_surrogates,97.45829313441727,0.8380935861374538,0.8246987233086653
no_lab_surrogates,100.09508502803898,0.8494650583149034,0.8288205200584831
no_lab_surrogates,102.80321688942192,0.8501818383723212,0.8327623423251789
no_lab_surrogates,105.58461886368387,0.8509180113390966,0.8365320485298589
no_lab_surrogates,108.44127331716297,0.8516741019018885,0.8401371539628635
no_lab_surrogates,111.3752162502938,0.852450648943064,0.8435848457662576
no_lab_surrogates,114.38853874870952,0.8532482059247724,0.8468819972621249
no_lab_surrogates,117.48338847360502,0.8540673412834092,0.8500351816552305
no_lab_surrogates,120.66197119242159,0.8549086388347541,0.8530506851373687
no_lab_surrogates,123.92655235094632,0.8557726981900684,0.8559345194195215
no_lab_surrogates,127.27945868794507,0.8566601351834514,0.8586924337168125
no_lab_surrogates,130.72307989348022,0.8575715823107594,0.8613299262101484
no_lab_surrogates,134.25987031209527,0.8585076891803985,0.8638522550073975
no_lab_surrogates,137.89235069208073,0.8594691229763163,0.8662644486259607
no_lab_surrogates,141.62310998206593,0.8604565689335164,0.8685713160176277
no_lab_surrogates,145.4548071762202,0.8614707308264425,0.8707774561557092
no_lab_surrogates,149.3901732093765,0.8625123314705726,0.8728872672035553
no_lab_surrogates,153.43201290342827,0.8635821132375862,0.8749049552827374
no_lab_surrogates,157.58320696638847,0.8646808385844685,0.8768345428583787
no_lab_surrogates,161.84671404553262,0.8658092905969305,0.8786798767583432
no_lab_surrogates,166.22557283609225,0.8669682735475314,0.8804446358422768
no_lab_surrogates,170.7229042469997,0.868158613468901,0.8821323383357853
no_lab_surrogates,175.34191362522859,0.8693811587424718,0.8837463488443732
no_lab_surrogates,180.08589304031497,0.8706367807031388,0.8852898850611248
no_lab_surrogates,184.95822363068754,0.8719263742602791,0.8867660241815003
no_lab_surrogates,189.9623780134801,0.8732508585355735,0.8881777090380363
no_lab_surrogates,195.10192275954103,0.8746111775180847,0.8895277539671795
no_lab_surrogates,200.3805209354073,0.8759263857750347,0.8908188504199513
no_lab_surrogates,205.80193471405244,0.8761942381086641,0.8920535723276274
no_lab_surrogates,211.37002805627054,0.8764693373459619,0.8932343812331295
no_lab_surrogates,217.08876946460487,0.8767518795562023,0.8943636311983604
no_lab_surrogates,222.96223481178777,0.8770420661134306,0.8954435734972642
no_lab_surrogates,228.9946102457045,0.8773401038399862,0.8964763611039686
no_lab_surrogates,235.19019517295285,0.8776462051539092,0.8974640529849557
no_lab_surrogates,241.55340532312485,0.877960588220336,0.8984086182038209
no_lab_surrogates,248.08877589599396,0.87828347710699,0.8993119398467996
no_lab_surrogates,254.80096479385276,0.8786151019438795,0.9001758187768896
no_lab_surrogates,261.69475594130074,0.8789556990873169,0.9010019772240544
no_lab_surrogates,268.77506269485355,0.8793055112883745,0.9017920622186618
no_lab_surrogates,276.0469313447998,0.8796647878658991,0.9025476488750062
no_lab_surrogates,283.5155447118041,0.8800337848842061,0.9032702435314574
no_lab_surrogates,291.1862258408156,0.8804127653355834,0.903961286753499
no_lab_surrogates,299.0644417949203,0.8808019993277308,0.9046221562056409
no_lab_surrogates,307.15580755183686,0.881201764276272,0.9052541693979332
no_lab_surrogates,315.46609000583476,0.8816123451024749,0.9058585863125551
no_lab_surrogates,324.0012120779263,0.8820340344363214,0.9064366119157169
no_lab_surrogates,332.76725693726286,0.8824671328250707,0.9069893985598823
no_lab_surrogates,341.77047233674386,0.8829119489474667,0.9075180482810989
no_lab_surrogates,351.01727506592647,0.8833687998337392,0.9080236149960191
no_lab_surrogates,360.5142555244132,0.883838011091559,0.9085071066029891
no_lab_surrogates,370.2681824189744,0.8843199171381056,0.9089694869913959
no_lab_surrogates,380.28600758775553,0.8848148614384136,0.9094116779632787
no_lab_surrogates,390.57487095500306,0.8853231967501671,0.9098345610710342
no_lab_surrogates,401.1421056198468,0.8858452853751193,0.9102389793748804
no_lab_surrogates,411.9952430827606,0.8863814994173116,0.9106257391235824
no_lab_surrogates,423.14201861342815,0.8869322210482807,0.9109956113617907
no_lab_surrogates,434.59037676384,0.8874978427794413,0.911349333467197
no_lab_surrogates,446.3484770305499,0.8880787677418366,0.9116876106205707
no_lab_surrogates,458.42469967012886,0.8886754099734594,0.9120111172116081
no_lab_surrogates,470.82765167195606,0.8892881947143457,0.9123204981833968
no_lab_surrogates,483.566172892611,0.8899175587096531,0.9126163703181746
no_lab_surrogates,496.6493423562326,0.8905639505209377,0.9128993234669471
no_lab_surrogates,510.0864847253412,0.890870711156085,0.9131699217254161
no_lab_surrogates,523.8871769467281,0.8910639291158639,0.9134287045585602
no_lab_surrogates,538.0612550771576,0.8912623747020835,0.9136761878761136
no_lab_surrogates,552.6188212937402,0.8914661893512759,0.9139128650610843
no_lab_surrogates,567.570251093977,0.8916755183266227,0.9141392079533623
no_lab_surrogates,582.9262006906047,0.891890510821487,0.914355667790381
no_lab_surrogates,598.6976146065119,0.8921113200657463,0.9145626761067042
no_lab_surrogates,614.8957334751419,0.892338103435004,0.9147606455943335
no_lab_surrogates,631.5321020519406,0.8925710225627531,0.9149499709254523
no_lab_surrogates,648.6185774425546,0.892810243455577,0.915131029539244
no_lab_surrogates,666.1673375536525,0.8930559366114653,0.9153041823943558
no_lab_surrogates,684.1908897723886,0.8933082771413322,0.9154697746885057
no_lab_surrogates,702.7020798806892,0.8935674448938209,0.9156281365466691
no_lab_surrogates,721.7141012107264,0.8938336245834869,0.9157795836792166
no_lab_surrogates,741.2405040480947,0.894107005922447,0.9159244180113146
no_lab_surrogates,761.2952052893983,0.8943877837555918,0.9160629282848429
no_lab_surrogates,781.8924983611287,0.8946761581994565,0.9161953906340319
no_lab_surrogates,803.0470634069042,0.894972334784847,0.9163220691359631
no_lab_surrogates,824.7739777503303,0.8952765246033274,0.9164432163370342
no_lab_surrogates,847.088726640943,0.8955889444576695,0.9165590737564352
no_lab_surrogates,870.0072142908814,0.8959098170163717,0.9166698723676422
no_lab_surrogates,893.545775210172,0.8962393709723617,0.9167758330588853
no_lab_surrogates,917.7211858486957,0.8965778412059893,0.9168771670735126
no_lab_surrogates,942.5506765531273,0.8969254689524313,0.9169740764311245
no_lab_surrogates,968.051943847386,0.8972825019736256,0.9170667543303204
no_lab_surrogates,994.2431630453359,0.8976491947348559,0.9171553855338597
no_lab_surrogates,1021.143001204732,0.8979019955280171,0.9172401467370052
no_lab_surrogates,1048.7706304316423,0.8981270119599611,0.9173212069197823
no_lab_surrogates,1077.1457415448303,0.8983581163448602,0.9173987276838587
no_lab_surrogates,1106.2885581098321,0.8985954733958903,0.9174728635747129
no_lab_surrogates,1136.2198508527415,0.8988392522826404,0.9175437623897365
no_lab_surrogates,1166.960952463956,0.8990896267516827,0.9176115654728834
no_lab_surrogates,1198.5337728024574,0.8993467752504057,0.917676407996453
no_lab_surrogates,1230.9608145114546,0.8996108810541984,0.9177384192305699
no_lab_surrogates,1264.265189056504,0.8998821323970734,0.9177977228008971
no_lab_surrogates,1298.470633197564,0.9001607226058266,0.9178544369350962
no_lab_surrogates,1333.6015259067053,0.9004468502378247,0.9179086746985259
no_lab_surrogates,1369.682905743539,0.9007407192225219,0.9179605442196498
no_lab_surrogates,1406.7404887007503,0.9010425390068042,0.918010148905601
no_lab_surrogates,1444.8006865324494,0.9013525247042679,0.9180575876483346
no_lab_surrogates,1483.8906255784104,0.9016708972485347,0.918102955021779
no_lab_surrogates,1524.0381660976145,0.9019978835507165,0.9181463414703789
no_lab_surrogates,1565.27192212486,0.9023337166611399,0.9181878334894046
no_lab_surrogates,1607.6212818646202,0.9026786359354464,0.91822751379739
no_lab_surrogates,1651.1164286366652,0.9030328872051859,0.9182654615010396
no_lab_surrogates,1695.7883623883695,0.903396722953027,0.9183017522529362
no_lab_surrogates,1741.6689217890623,0.9037704024927061,0.9183364584023619
no_lab_surrogates,1788.7908069221455,0.904154192153847,0.9183696491395332
no_lab_surrogates,1837.1876025911613,0.9045483654717789,0.9184013906335398
no_lab_surrogates,1886.8938022564212,0.9049532033824917,0.9184317461642579
no_lab_surrogates,1937.9448326192528,0.9053689944228652,0.9184607762485064
no_lab_surrogates,1990.3770788713869,0.9057960349363151,0.9184885387606923
no_lab_surrogates,2044.2279106274914,0.9059760123658076,0.9185150890481897
no_lab_surrogates,2099.535708559306,0.9061030680346598,0.9185404800416804
no_lab_surrogates,2156.339891750396,0.9062335612699509,0.9185647623606763
no_lab_surrogates,2214.6809457910063,0.9063675850770786,0.9185879844144346
no_lab_surrogates,2274.600451633019,0.9065052349777569,0.9186101924984665
no_lab_surrogates,2336.1411152256205,0.9066466090780965,0.9186314308868324
no_lab_surrogates,2399.346797952769,0.9067918081385266,0.9186517419204061
no_lab_surrogates,2464.2625478941663,0.9069409356456101,0.918671166091286
no_lab_surrogates,2530.934631932014,0.9070940978857999,0.9186897421235198
no_lab_surrogates,2599.4105687264387,0.9072514040211919,0.9187075070503057
no_lab_surrogates,2669.739162583084,0.9074129661673274,0.9187244962878205
no_lab_surrogates,2741.9705382370216,0.9075788994730999,0.9187407437058265
no_lab_surrogates,2816.1561765777346,0.9077493222028248,0.9187562816951936
no_lab_surrogates,2892.34895134069,0.9079243558205281,0.9187711412324743
no_lab_surrogates,2970.6031667916195,0.9081041250765177,0.918785351941658
no_lab_surrogates,3050.9745964303465,0.9082887580962945,0.9187989421532297
no_lab_surrogates,3133.5205227417982,0.9084783864718712,0.9188119389606498
no_lab_surrogates,3218.2997780224873,0.9086731453555599,0.9188243682743678
no_lab_surrogates,3305.372786311585,0.908873173556299,0.9188362548734764
no_lab_surrogates,3394.8016064564604,0.9090786136385851,0.9188476224551129
no_lab_surrogates,3486.6499763433876,0.9092896120240814,0.9188584936816999
no_lab_surrogates,3580.983358324933,0.9095063190959762,0.9188688902261265
no_lab_surrogates,3677.8689858764283,0.9097288893061644,0.9188788328149549
no_lab_surrogates,3777.3759115147254,0.9099574812853277,0.9188883412697407
no_lab_surrogates,3879.575056013454,0.9101922579559958,0.9188974345465498
no_lab_surrogates,3984.5392589498265,0.9104333866486634,0.9189061307737485
no_lab_surrogates,4092.343330618985,0.9106810392210511,0.9189144472881446
no_lab_surrogates,4203.064105352957,0.9109353921805923,0.9189224006695504
no_lab_surrogates,4316.78049628217,0.9111966268102332,0.9189300067738354
no_lab_surrogates,4433.573551578576,0.9114649292976378,0.9189372807645373
no_lab_surrogates,4553.526512220464,0.9117404908678878,0.9189442371430918
no_lab_surrogates,4676.724871320132,0.9120235079197726,0.9189508897777428
no_lab_surrogates,4803.256435056715,0.9123141821657675,0.9189572519311896
no_lab_surrogates,4933.211385257571,0.9126127207757984,0.9189633362870283
no_lab_surrogates,5066.68234367287,0.9128482290680368,0.9189691549750374
no_lab_surrogates,5203.764437989122,0.9130169614761094,0.9189747195953593
no_lab_surrogates,5344.555369628794,0.9131902590395063,0.9189800412416271
no_lab_surrogates,5489.15548338425,0.9133682452712111,0.9189851305230807
no_lab_surrogates,5637.66783893571,0.913551047025924,0.918989997585717
no_lab_surrogates,5790.198284304121,0.9137387945904749,0.9189946521325172
no_lab_surrogates,5946.855531291387,0.9139316217766806,0.9189991034427908
no_lab_surrogates,6107.751232961657,0.9141296660167163,0.9190033603906749
no_lab_surrogates,6273.00006321891,0.914333068461066,0.9190074314628253
no_lab_surrogates,6442.719798537598,0.9145419740791236,0.9190113247753356
no_lab_surrogates,6617.031401904485,0.9147565317625163,0.9190150480899182
no_lab_surrogates,6796.059109031656,0.914976894431222,0.9190186088293768
no_lab_surrogates,6979.930516902031,0.9152032191425595,0.9190220140924055
no_lab_surrogates,7168.7766747105425,0.9154356672031267,0.9190252706677402
no_lab_surrogates,7362.732177265772,0.9156744042837668,0.9190283850476931
no_lab_surrogates,7561.935260918655,0.9159196005376459,0.9190313634410954
no_lab_surrogates,7766.527902086525,0.9161714307215251,0.9190342117856755
no_lab_surrogates,7976.655918442856,0.916430074320313,0.919036935759896
no_lab_surrogates,8192.46907284472,0.9166957156749889,0.919039540794275
no_lab_surrogates,8414.121180072067,0.9169685441139866,0.9190420320822117
no_lab_surrogates,8641.770216454885,0.9172487540881331,0.9190444145903405
no_lab_surrogates,8875.57843246645,0.9175365453092373,0.9190466930684321
no_lab_surrogates,9115.712468362743,0.91783212289243,0.919048872058863
no_lab_surrogates,9362.343472950666,0.9181356975023531,0.9190509559056708
no_lab_surrogates,9615.647225569548,0.9184474855033055,0.9190529487632146
no_lab_surrogates,9875.804261372934,0.9187677091134502,0.9190548546044576
no_lab_surrogates,10143.0,0.9190965965631946,0.9190566772288867
